English,Urdu
I don’t feel well,مجھے اچھا نہیں لگ رہا
I like hot tea,مجھے گرم چائے پسند ہے
I’ll be there in 10 minutes,میں 10 منٹ میں وہاں پہنچوں گا
I’m going to drink some water,میں پانی پینے جا رہا ہوں
It’s very warm today,آج بہت گرمی ہے
I have a headache,میرے سر میں درد ہو رہا ہے
I’m having lunch,میں دوپہر کا کھانا کھا رہا ہوں
I like watermelon,مجھے تربوز پسند ہے
Do you like beef?,کیا آپ کو گوشت پسند ہے؟
I like to eat fish,مجھے مچھلی کھانا پسند ہے
I don’t understand,مجھے سمجھ نہیں آ رہا
I am a student,میں طالب علم ہوں
I don’t like strawberries,مجھے اسٹرابیری پسند نہیں ہیں
I’m going to drink black tea,میں کالی چائے پینے جا رہا ہوں
I like to drink coffee with milk,مجھے دودھ والی کافی پینا پسند ہے
I’m not lost,میں کھویا نہیں ہوں
This is too much,یہ بہت زیادہ ہے
How far is it?,یہ کتنا دور ہے؟
I’m lost,میں کھو گیا ہوں
I’m eating some rice,میں کچھ چاول کھا رہا ہوں
I’m going to make some soup,میں سوپ بنانے جا رہا ہوں
I’m going to buy some oranges,میں کچھ سنترے خریدنے جا رہا ہوں
The train is late,ٹرین دیر سے آ رہی ہے
Where is the nearest hospital?,قریب ترین ہسپتال کہاں ہے؟
I’m eating some dumplings,میں کچھ دُمپلنگ کھا رہا ہوں
I don’t have any money,میرے پاس پیسے نہیں ہیں
I need to buy some chicken,مجھے کچھ چکن خریدنا ہے
She is writing a letter,وہ ایک خط لکھ رہی ہے
Do you want mixed fruit smoothie?,کیا آپ کو مکس پھلوں کا اسموتھی چاہیے؟
Do you want tea with honey?,کیا آپ کو شہد والی چائے چاہیے؟
It’s very hard,یہ بہت مشکل ہے
I’m cooking some beef,میں گوشت پکا رہا ہوں
This is very cheap,یہ بہت سستا ہے
I don’t like peaches,مجھے آڑو پسند نہیں ہیں
I’m waiting for the bus,میں بس کا انتظار کر رہا ہوں
It’s very hot today,آج بہت گرمی ہے
Can I borrow your phone?,کیا میں آپ کا فون لے سکتا ہوں؟
Can you help me carry this?,کیا آپ میری مدد کر سکتے ہیں؟
Can I borrow your pen?,کیا میں آپ کا قلم لے سکتا ہوں؟
I’m going to drink rose tea,میں گلاب کی چائے پینے جا رہا ہوں
Do you want peppermint tea?,کیا آپ کو پودینہ کی چائے چاہیے؟
I’m not feeling well today,آج مجھے اچھا محسوس نہیں ہو رہا
This is my house,یہ میرا گھر ہے
Do you like swimming?,کیا آپ کو تیراکی پسند ہے؟
I’m drinking strawberry juice,میں اسٹرابیری کا رس پی رہا ہوں
Can you please repeat?,کیا آپ براہ کرم دوبارہ کہہ سکتے ہیں؟
I’m drinking black coffee,میں کالی کافی پی رہا ہوں
It was amazing,یہ شاندار تھا
I need to buy some chips,مجھے کچھ چپس خریدنی ہیں
Do you like dumplings?,کیا آپ کو دُمپلنگ پسند ہیں؟
I’m not very good at basketball,میں باسکٹ بال میں اتنا اچھا نہیں ہوں
I live in Karachi,میں کراچی میں رہتا ہوں
I’m hungry,مجھے بھوک لگی ہے
It’s very cold outside,باہر بہت سردی ہے
I want a sandwich,مجھے سینڈوچ چاہیے
Can you fill my glass?,کیا آپ میرا گلاس بھر سکتے ہیں؟
I like vegetable soup,مجھے سبزیوں کا سوپ پسند ہے
Do you like kiwi?,کیا آپ کو کیوی پسند ہے؟
I’m going to drink mango smoothie,میں آم کا اسموتھی پینے جا رہا ہوں
Do you want banana smoothie?,کیا آپ کو کیلے کا اسموتھی چاہیے؟
It’s very quiet here,یہاں بہت خاموش ہے
Can you give me a haircut?,کیا آپ میرا ہیئر کٹ کر سکتے ہیں؟
Do you want to go for a walk?,کیا آپ سیر پر جانا چاہتے ہیں؟
Do you want pear juice?,کیا آپ کو ناشپاتی کا رس چاہیے؟
I don’t like beef,مجھے گوشت پسند نہیں ہے
Do you want cold brew?,کیا آپ کو کولڈ برو چاہیے؟
I don’t like fish,مجھے مچھلی پسند نہیں ہے
Do you like black tea?,کیا آپ سیاہ چائے پسند کرتے ہیں؟
I’m drinking some cold water,میں ٹھنڈا پانی پی رہا ہوں
The movie was great,فلم بہت اچھی تھی
I’m eating a pear,میں ناشپاتی کھا رہا ہوں
I’m sending an email to my boss,میں اپنے باس کو ای میل بھیج رہا ہوں
Do you want some ice cream?,کیا آپ کو آئس کریم چاہیے؟
I like black coffee,مجھے سیاہ کافی پسند ہے
I’m sorry I’m late,مجھے دیر ہونے کا افسوس ہے
Do you want some cherries?,کیا آپ کو چیریاں چاہیے؟
I like milk coffee,مجھے دودھ والی کافی پسند ہے
I’m cooking some rice,میں چاول پکا رہا ہوں
I don’t feel like working today,آج مجھے کام کرنے کا دل نہیں کر رہا
This is too salty,یہ بہت نمکین ہے
I need some coffee,مجھے کچھ کافی چاہیے
Can you bring me a glass of water?,کیا آپ مجھے پانی کا گلاس لا سکتے ہیں؟
I’m feeling much better,میں بہت بہتر محسوس کر رہا ہوں
I think I’m lost,مجھے لگتا ہے کہ میں کھو گیا ہوں
I’m going to drink lemon tea with mint,میں پودینہ والی لیموں کی چائے پینے جا رہا ہوں
Can you wait a minute?,کیا آپ ایک منٹ انتظار کر سکتے ہیں؟
Are you enjoying?,کیا آپ لطف اندوز ہو رہے ہیں؟
I like eating cupcakes,مجھے کپکیک کھانا پسند ہے
I’m drinking pomegranate juice,میں انار کا رس پی رہا ہوں
I need to charge my phone,مجھے اپنا فون چارج کرنا ہے
I’m going to drink spinach juice,میں اسپینچ کا رس پینے جا رہا ہوں
I’m making breakfast,میں ناشتہ بنا رہا ہوں
I’m eating a mango,میں آم کھا رہا ہوں
I’m drinking black coffee,میں سیاہ کافی پی رہا ہوں
I like pears,مجھے ناشپاتی پسند ہے
I’m going to make some iced tea,میں آئسڈ چائے بنانے جا رہا ہوں
I’m planning to go shopping,میں خریداری کے لئے جانے کا ارادہ رکھتا ہوں
I need new shoes,مجھے نئے جوتے چاہیے
I’m going to drink cold matcha,میں ٹھنڈی مچا پینے جا رہا ہوں
I’m going to a party tomorrow,میں کل ایک پارٹی میں جا رہا ہوں
Do you want to eat some cookies?,کیا آپ کچھ کوکیز کھانا چاہتے ہیں؟
Can you open the door?,کیا آپ دروازہ کھول سکتے ہیں؟
I’m drinking some soda,میں سوڈا پی رہا ہوں
I like eating ice cream,مجھے آئس کریم کھانا پسند ہے
I’m drinking honey latte,میں شہد والا لٹے پی رہا ہوں
I like fresh lemon juice,مجھے تازہ لیموں کا جوس پسند ہے
I’m drinking blueberry smoothie,میں بلوبیری کا اسموتھی پی رہا ہوں
I like to drink ginger-lemon tea,مجھے ادرک لیموں کی چائے پینا پسند ہے
I like to drink vegetable juice,مجھے سبزیوں کا رس پینا پسند ہے
I’m going to drink flat white,میں فلیٹ وائٹ پینے جا رہا ہوں
I don’t agree,میں متفق نہیں ہوں
I need to buy groceries,مجھے سودا سلف خریدنا ہے
Do you want iced matcha?,کیا آپ کو آئسڈ مچا چاہیے؟
She is studying in the library,وہ کتب خانے میں پڑھ رہی ہے
She is a good singer,وہ ایک اچھی گلوکارہ ہے
It’s time to study,پڑھائی کا وقت ہو گیا ہے
Do you have any plans for tomorrow?,کیا آپ کا کل کے لئے کوئی منصوبہ ہے؟
I’m learning English,میں انگریزی سیکھ رہا ہوں
What did you have for dinner?,آپ نے رات کے کھانے میں کیا کھایا؟
I like to drink herbal tea,مجھے جڑی بوٹیوں کی چائے پینا پسند ہے
I’m going to buy some bananas,میں کچھ کیلے خریدنے جا رہا ہوں
I don’t know,مجھے نہیں معلوم
This is a good place to visit,یہ ایک اچھا جگہ ہے جہاں آپ جا سکتے ہیں
Can I help you with that?,کیا میں آپ کی مدد کر سکتا ہوں؟
Do you want milk coffee?,کیا آپ دودھ والی کافی چاہتے ہیں؟
Do you want lemon tea with mint?,کیا آپ کو پودینہ والی لیموں کی چائے چاہیے؟
I need some sugar,مجھے چینی چاہیے
I’m going to drink hot chocolate,میں گرم چاکلیٹ پینے جا رہا ہوں
Can you get me some mangoes?,کیا آپ مجھے کچھ آم لا سکتے ہیں؟
I have to go to the airport,مجھے ہوائی اڈے جانا ہے
I’m going to drink herbal water,میں جڑی بوٹیوں کا پانی پینے جا رہا ہوں
I’m going to drink a latte,میں لیٹے پینے جا رہا ہوں
Do you want vegetable juice?,کیا آپ کو سبزیوں کا رس چاہیے؟
I like to drink caramel macchiato,مجھے کیریمل میکیاٹو پینا پسند ہے
I’m making a birthday cake,میں جنم دن کا کیک بنا رہا ہوں
Do you want espresso?,کیا آپ کو ایسپریسو چاہیے؟
I need to send an email,مجھے ایک ای میل بھیجنی ہے
I’m going to make a fruit salad,میں پھلوں کا سلاد بنانے جا رہا ہوں
I like fruit water,مجھے پھلوں کا پانی پسند ہے
I’m going to the doctor,میں ڈاکٹر کے پاس جا رہا ہوں
I’m baking some bread,میں روٹی پکا رہا ہوں
I like eating strawberries,مجھے اسٹرابیری کھانا پسند ہے
I don’t like bananas,مجھے کیلے پسند نہیں ہیں
I’m going to drink some chai,میں چائے پینے جا رہا ہوں
I like to read books,مجھے کتابیں پڑھنا پسند ہے
I’m drinking iced matcha,میں آئسڈ مچا پی رہا ہوں
He is a businessman,وہ کاروباری شخص ہے
I need to buy some ice cream,مجھے آئس کریم خریدنی ہے
I’m drinking hot chocolate,میں گرم چاکلیٹ پی رہا ہوں
I have a lot of emails to check,میرے پاس بہت سی ای میلز چیک کرنے کے لئے ہیں
I’m going to drink some herbal tea,میں جڑی بوٹیوں کی چائے پینے جا رہا ہوں
I like to drink white tea,مجھے سفید چائے پینا پسند ہے
I’m so thirsty,مجھے بہت پیاس لگی ہے
This is a beautiful place,یہ ایک خوبصورت جگہ ہے
I need to lose weight,مجھے وزن کم کرنے کی ضرورت ہے
I like to drink honey latte,مجھے شہد والا لٹے پینا پسند ہے
Do you like pineapple?,کیا آپ کو انناس پسند ہے؟
I’m going to buy some clothes,میں کچھ کپڑے خریدنے جا رہا ہوں
I like eating fish,مجھے مچھلی کھانا پسند ہے
Can you open the window?,کیا آپ کھڑکی کھول سکتے ہیں؟
Where is the nearest restaurant?,قریب ترین ریستوران کہاں ہے؟
I’m eating some kiwi,میں کچھ کیوی کھا رہا ہوں
I’m trying to find a solution,میں حل تلاش کرنے کی کوشش کر رہا ہوں
I’m drinking black tea,میں سیاہ چائے پی رہا ہوں
I need to buy some fish,مجھے کچھ مچھلی خریدنی ہے
Let’s go to the movies,چلیں سینما چلتے ہیں
I like to drink green tea with lemon,مجھے لیموں والی سبز چائے پینا پسند ہے
I’m going to drink detox water,میں ڈی ٹاکس پانی پینے جا رہا ہوں
Let’s have some coffee,چلیں کچھ کافی پیتے ہیں
I like to drink cold chocolate,مجھے ٹھنڈی چاکلیٹ پینا پسند ہے
Do you want guava juice?,کیا آپ کو آم جوس چاہیے؟
I like hot chocolate,مجھے گرم چاکلیٹ پسند ہے
I like mangoes,مجھے آم پسند ہیں
I enjoy playing cricket,مجھے کرکٹ کھیلنا پسند ہے
I need to book a room,مجھے ایک کمرہ بک کرنا ہے
Do you want coconut water?,کیا آپ کو ناریل کا پانی چاہیے؟
I’m drinking fresh apple juice,میں تازہ سیب کا جوس پی رہا ہوں
I’m drinking lemon water,میں لیموں کا پانی پی رہا ہوں
Can you give me an apple?,کیا آپ مجھے سیب دے سکتے ہیں؟
I like to drink cold matcha,مجھے ٹھنڈی مچا پینا پسند ہے
I’m going to make some cupcakes,میں کچھ کپکیک بنانے جا رہا ہوں
I need more time,مجھے مزید وقت چاہیے
I don’t like parties,مجھے پارٹیاں پسند نہیں ہیں
Do you want to eat some fruit?,کیا آپ کچھ پھل کھانا چاہتے ہیں؟
I like mild food,مجھے ہلکا کھانا پسند ہے
I walk every morning,میں ہر صبح سیر کے لئے جاتا ہوں
Can you bring me a drink?,کیا آپ مجھے مشروب لا سکتے ہیں؟
I like to drink aloe vera juice,مجھے ایلو ویرا کا رس پینا پسند ہے
Do you want black tea?,کیا آپ کو کالی چائے چاہیے؟
Please speak in English,براہ کرم انگریزی میں بات کریں
I’m going to drink pomegranate juice,میں انار کا رس پینے جا رہا ہوں
I’m free now,میں اب آزاد ہوں
This is a great idea,یہ ایک بہترین خیال ہے
I’m cooking some chicken,میں چکن پکا رہا ہوں
Can you make white tea?,کیا آپ سفید چائے بنا سکتے ہیں؟
I’m going to eat some chicken,میں کچھ چکن کھانے جا رہا ہوں
I like to eat bananas,مجھے کیلے کھانا پسند ہیں
Do you want to come with me?,کیا آپ میرے ساتھ آنا چاہتے ہیں؟
Hello,سلام
I have two brothers,میرے دو بھائی ہیں
Let’s go to the park,چلیں پارک چلتے ہیں
How do you feel?,آپ کیسا محسوس کر رہے ہیں؟
I’m not interested in politics,مجھے سیاست میں دلچسپی نہیں ہے
I like attending weddings,مجھے شادیوں میں جانا پسند ہے
I like to eat strawberries,مجھے اسٹرابیری کھانا پسند ہے
Can you make fresh orange juice?,کیا آپ تازہ سنترے کا جوس بنا سکتے ہیں؟
I’m drinking grape juice,میں انگور کا رس پی رہا ہوں
Do you want apple water?,کیا آپ کو سیب کا پانی چاہیے؟
I like to drink chai latte,مجھے چائے لٹے پینا پسند ہے
I’m drinking iced coffee with milk,میں دودھ والی ٹھنڈی کافی پی رہا ہوں
I need to bake a cake,مجھے کیک بیک کرنا ہے
I like eating spaghetti,مجھے اسپگیٹی کھانا پسند ہے
I like to drink fruit soda,مجھے پھلوں کا سوڈا پینا پسند ہے
I’m drinking orange juice,میں سنترے کا رس پی رہا ہوں
I need to find a taxi,مجھے ایک ٹیکسی تلاش کرنی ہے
I’m having a sandwich for lunch,میں دوپہر کے کھانے کے لئے سینڈوچ کھا رہا ہوں
I like to eat toast for breakfast,مجھے ناشتہ میں ٹوسٹ کھانا پسند ہے
Do you want ginger tea with lemon?,کیا آپ کو ادرک اور لیموں کی چائے چاہیے؟
I’m a vegetarian,میں سبزی خور ہوں
I have an idea,میرے پاس ایک خیال ہے
I’m looking for a new laptop,میں نیا لیپ ٹاپ تلاش کر رہا ہوں
I’m going to drink cucumber water,میں کھیرے کا پانی پینے جا رہا ہوں
Can I have a pear?,کیا مجھے ناشپاتی مل سکتی ہے؟
I like to drink beetroot juice,مجھے چقندر کا رس پینا پسند ہے
I need to take a shower,مجھے شاور لینا ہے
I like to eat mixed fruits,مجھے مکس پھل کھانا پسند ہے
I need to make some sandwiches,مجھے کچھ سینڈوچ بنانا ہیں
I’m going to drink iced coffee,میں ٹھنڈی کافی پینے جا رہا ہوں
I’m going to make a sandwich,میں سینڈوچ بنانے جا رہا ہوں
This movie is very boring,یہ فلم بہت بورنگ ہے
I have a meeting later,میرے پاس بعد میں ایک میٹنگ ہے
I’m making hot chocolate,میں گرم چاکلیٹ بنانے جا رہا ہوں
Do you want rose tea?,کیا آپ کو گلاب کی چائے چاہیے؟
I’m drinking almond milk,میں بادام کا دودھ پی رہا ہوں
Where is the nearest ATM?,قریب ترین اے ٹی ایم کہاں ہے؟
Can you please pass the salt?,کیا آپ براہ کرم نمک دے سکتے ہیں؟
I’m going to buy some beef,میں گوشت خریدنے جا رہا ہوں
I’m going to make some lemonade,میں لیموں پانی بنانے جا رہا ہوں
I’m going to drink some tonic water,میں ٹانک پانی پینے جا رہا ہوں
Can you make chai?,کیا آپ چائے بنا سکتے ہیں؟
Do you want watermelon juice?,کیا آپ کو تربوز کا رس چاہیے؟
This is too expensive,یہ بہت مہنگا ہے
I love this song,مجھے یہ گانا پسند ہے
I’m going to eat a fruit salad,میں پھلوں کا سلاد کھانے جا رہا ہوں
Can I have an apple?,کیا مجھے ایک سیب مل سکتا ہے؟
I like to drink mixed fruit smoothie,مجھے مکس پھلوں کا اسموتھی پینا پسند ہے
I’m going to drink mango juice,میں آم کا رس پینے جا رہا ہوں
I’m learning how to drive,میں ڈرائیونگ سیکھ رہا ہوں
I like to drink mint water,مجھے پودینہ کا پانی پینا پسند ہے
I’m going to drink kiwi juice,میں کیوی کا رس پینے جا رہا ہوں
I like to drink ginger tea with lemon,مجھے ادرک اور لیموں کی چائے پینا پسند ہے
Do you want hot coffee?,کیا آپ کو گرم کافی چاہیے؟
I like going to the gym,مجھے جم جانا پسند ہے
Do you have any suggestions?,کیا آپ کے پاس کوئی تجاویز ہیں؟
I don’t eat vegetables,میں سبزیاں نہیں کھاتا
Can you pass the salt?,کیا آپ نمک دے سکتے ہیں؟
I’m going to peel the mango,میں آم چھلنے جا رہا ہوں
Do you have a pen?,کیا آپ کے پاس پین ہے؟
I don’t have time,میرے پاس وقت نہیں ہے
How old are you?,آپ کی عمر کتنی ہے؟
It’s a beautiful evening,یہ ایک خوبصورت شام ہے
Can you help me with this homework?,کیا آپ میری اس ہوم ورک میں مدد کر سکتے ہیں؟
I’m preparing lunch,میں دوپہر کا کھانا تیار کر رہا ہوں
Can I have some water?,کیا مجھے پانی مل سکتا ہے؟
I like chicken soup,مجھے چکن کا سوپ پسند ہے
Do you want aloe vera juice?,کیا آپ کو ایلو ویرا کا رس چاہیے؟
Do you want mint water?,کیا آپ کو پودینہ کا پانی چاہیے؟
I don’t understand this,مجھے یہ سمجھ نہیں آ رہا
I’m making some soup,میں سوپ بنا رہا ہوں
I’m drinking ginger tea with lemon,میں ادرک اور لیموں کی چائے پی رہا ہوں
I’m going to drink coffee with milk,میں دودھ والی کافی پینے جا رہا ہوں
I am very tired,میں بہت تھکا ہوا ہوں
I’ll help you,میں آپ کی مدد کروں گا
"Yes, I understand",ہاں، میں سمجھتا ہوں
I need to focus,مجھے توجہ مرکوز کرنی ہے
I’m eating lunch now,میں ابھی دوپہر کا کھانا کھا رہا ہوں
I’m going to the park to relax,میں آرام کرنے کے لئے پارک جا رہا ہوں
Do you want pineapple juice?,کیا آپ کو انناس کا رس چاہیے؟
I am reading a newspaper,میں اخبار پڑھ رہا ہوں
Do you want carrot juice?,کیا آپ کو گاجر کا رس چاہیے؟
I’m excited to meet you,مجھے آپ سے مل کر خوشی ہو رہی ہے
I like fresh fruit juice,مجھے تازہ پھلوں کا جوس پسند ہے
"Can I have the bill, please?",کیا مجھے بل مل سکتا ہے؟
I’m going to eat some chips,میں کچھ چپس کھانے جا رہا ہوں
I like to eat seafood,مجھے سمندری کھانا کھانا پسند ہے
I don’t know,مجھے نہیں پتا
He is cooking dinner,وہ رات کا کھانا پکا رہا ہے
I’ll be back in an hour,میں ایک گھنٹے میں واپس آ جاؤں گا
I am feeling tired,میں تھکا ہوا محسوس کر رہا ہوں
I’m going to sleep now,میں اب سونے جا رہا ہوں
I’m going to drink some sweet lime juice,میں میٹھے چونے کا جوس پینے جا رہا ہوں
Do you want kiwi juice?,کیا آپ کو کیوی کا رس چاہیے؟
I’m drinking some filtered water,میں فلٹر شدہ پانی پی رہا ہوں
My parents are teachers,میرے والدین اساتذہ ہیں
Do you want some coffee?,کیا آپ کو کافی چاہیے؟
Can you make herbal tea?,کیا آپ جڑی بوٹیوں کی چائے بنا سکتے ہیں؟
What kind of clothes do you like?,آپ کس قسم کے کپڑے پسند کرتے ہیں؟
Please pass the salt,براہ کرم نمک دے دیں
I need to buy some fresh juice,مجھے کچھ تازہ جوس خریدنا ہے
I like to drink kale smoothie,مجھے کیل کا اسموتھی پینا پسند ہے
I like cooking,مجھے کھانا پکانا پسند ہے
Do you like chocolate chip cookies?,کیا آپ کو چاکلیٹ چپ کوکیز پسند ہیں؟
This restaurant is very cheap,یہ ریستوران بہت سستا ہے
Can you make tea?,کیا آپ چائے بنا سکتے ہیں؟
Do you want caramel macchiato?,کیا آپ کو کیریمل میکیاٹو چاہیے؟
I’m going to drink instant coffee,میں انسٹنٹ کافی پینے جا رہا ہوں
I’m eating a pineapple,میں انناس کھا رہا ہوں
I’m going to drink pineapple juice,میں انناس کا رس پینے جا رہا ہوں
Do you want kale smoothie?,کیا آپ کو کیل کا اسموتھی چاہیے؟
I’m having a great time,میرا وقت بہت اچھا گزر رہا ہے
I’m drinking pear juice,میں ناشپاتی کا رس پی رہا ہوں
I’m going to drink black coffee,میں کالی کافی پینے جا رہا ہوں
Do you want soy milk?,کیا آپ کو سویا دودھ چاہیے؟
Can I have a drink?,کیا مجھے مشروب مل سکتا ہے؟
I’m doing my homework,میں اپنا ہوم ورک کر رہا ہوں
I like your haircut,مجھے آپ کا ہیئر کٹ پسند ہے
I’m going to drink carrot juice,میں گاجر کا رس پینے جا رہا ہوں
I’m drinking green tea,میں سبز چائے پی رہا ہوں
Do you want cucumber water?,کیا آپ کو کھیرے کا پانی چاہیے؟
Do you want to play a game?,کیا آپ کوئی کھیل کھیلنا چاہتے ہیں؟
I like to eat grapes,مجھے انگور کھانا پسند ہیں
I’m going to drink some cappuccino,میں کیپوچینو پینے جا رہا ہوں
Do you want ginger-lemon tea?,کیا آپ کو ادرک لیموں کی چائے چاہیے؟
I’m drinking macchiato,میں میکیاٹو پی رہا ہوں
"I’m sorry, I didn’t hear you",مجھے افسوس ہے، میں نے آپ کو نہیں سنا
I like fresh tomato juice,مجھے تازہ ٹماٹر کا جوس پسند ہے
I went to the gym,میں جم گیا تھا
My day was good,میرا دن اچھا گزرا
I work as a teacher,میں استاد کے طور پر کام کرتا ہوں
What’s your favorite color?,آپ کا پسندیدہ رنگ کیا ہے؟
Do you like to eat fish?,کیا آپ مچھلی کھانا پسند کرتے ہیں؟
I like pineapple,مجھے انناس پسند ہے
I like to drink iced tea with lemon,مجھے لیموں کے ساتھ ٹھنڈی چائے پینا پسند ہے
I’m going to drink green tea,میں سبز چائے پینے جا رہا ہوں
Please wait for me,براہ کرم میرا انتظار کریں
Can I have a glass of water?,کیا مجھے پانی کا گلاس مل سکتا ہے؟
I like to drink papaya juice,مجھے پپیتے کا رس پینا پسند ہے
I’m going to drink white tea,میں سفید چائے پینے جا رہا ہوں
I like chocolate cake,مجھے چاکلیٹ کا کیک پسند ہے
I need to relax,مجھے آرام کرنے کی ضرورت ہے
I like to drink vanilla latte,مجھے وینیلا لٹے پینا پسند ہے
I’m drinking instant coffee,میں انسٹنٹ کافی پی رہا ہوں
I’m going to drink pineapple smoothie,میں انناس کا اسموتھی پینے جا رہا ہوں
I’m drinking rose tea,میں گلاب کی چائے پی رہا ہوں
It’s no problem,کوئی مسئلہ نہیں ہے
I like to drink iced coffee with milk,مجھے دودھ والی ٹھنڈی کافی پینا پسند ہے
I’m drinking latte,میں لیٹے پی رہا ہوں
I like your suggestion,مجھے آپ کی تجویز پسند ہے
I’m not hungry,مجھے بھوک نہیں ہے
Do you like sparkling water?,کیا آپ کو اسپارکلنگ پانی پسند ہے؟
I’m drinking lemon tea,میں لیموں کی چائے پی رہا ہوں
Do you like soup?,کیا آپ کو سوپ پسند ہے؟
I’m drinking protein shake,میں پروٹین شیک پی رہا ہوں
I’m going to buy a gift for my friend,میں اپنے دوست کے لیے تحفہ خریدنے جا رہا ہوں
I like white tea,مجھے سفید چائے پسند ہے
I’m drinking banana smoothie,میں کیلے کا اسموتھی پی رہا ہوں
Can you make fresh grape juice?,کیا آپ تازہ انگور کا جوس بنا سکتے ہیں؟
I am from Pakistan,میں پاکستان سے ہوں
This book is very interesting,یہ کتاب بہت دلچسپ ہے
Do you want honey and ginger tea?,کیا آپ کو شہد اور ادرک کی چائے چاہیے؟
Do you understand?,کیا آپ سمجھتے ہیں؟
I like to drink ginger water,مجھے ادرک کا پانی پینا پسند ہے
I’m going to drink ginger tea with lemon,میں ادرک اور لیموں کی چائے پینے جا رہا ہوں
I’m going to drink some strong coffee,میں مضبوط کافی پینے جا رہا ہوں
I like cold water,مجھے ٹھنڈا پانی پسند ہے
I like to drink flat white,مجھے فلیٹ وائٹ پینا پسند ہے
Do you want some fruit water?,کیا آپ کو پھلوں کا پانی چاہیے؟
I like to drink cappuccino,مجھے کیپوچینو پینا پسند ہے
I’m looking for my glasses,میں اپنی عینک تلاش کر رہا ہوں
Do you want spinach juice?,کیا آپ کو اسپینچ کا رس چاہیے؟
I like eating dumplings,مجھے دُمپلنگ کھانا پسند ہے
I like to drink detox water,مجھے ڈی ٹاکس پانی پینا پسند ہے
I’m drinking sweet tea,میں میٹھی چائے پی رہا ہوں
I’m excited for the weekend,مجھے ہفتے کے آخر کا انتظار ہے
I like peaches,مجھے آڑو پسند ہیں
I’m going to the bakery,میں بیکری جا رہا ہوں
Do you want blueberry smoothie?,کیا آپ کو بلوبیری کا اسموتھی چاہیے؟
Do you want iced mocha?,کیا آپ کو آئسڈ موکا چاہیے؟
Goodbye,الوداع
I’m drinking fresh tomato juice,میں تازہ ٹماٹر کا جوس پی رہا ہوں
I’m going to drink peppermint tea,میں پودینہ کی چائے پینے جا رہا ہوں
Can you please wait?,کیا آپ براہ کرم انتظار کر سکتے ہیں؟
I’m drinking some hot water,میں گرم پانی پی رہا ہوں
This is a big problem,یہ ایک بڑا مسئلہ ہے
I’m eating some toast,میں کچھ ٹوسٹ کھا رہا ہوں
I’m going to drink avocado smoothie,میں ایووکاڈو کا اسموتھی پینے جا رہا ہوں
I’m eating an orange,میں سنترہ کھا رہا ہوں
I’m going to buy a bottle of water,میں پانی کی بوتل خریدنے جا رہا ہوں
I need some help,مجھے مدد چاہیے
Do you want ice in your drink?,کیا آپ اپنے مشروب میں برف چاہتے ہیں؟
I’m having pasta for dinner,میں رات کے کھانے کے لئے پاستا کھا رہا ہوں
He is my friend,وہ میرا دوست ہے
I’m making some chocolate chip cookies,میں چاکلیٹ چپ کوکیز بنا رہا ہوں
I’m eating a banana,میں کیلا کھا رہا ہوں
I’m reading a novel,میں ایک ناول پڑھ رہا ہوں
I need to find my way,مجھے اپنا راستہ تلاش کرنا ہے
I’m going to eat a pear,میں ناشپاتی کھانے جا رہا ہوں
I don’t agree with that,میں اس سے متفق نہیں ہوں
Can you make fresh tomato juice?,کیا آپ تازہ ٹماٹر کا جوس بنا سکتے ہیں؟
I’m drinking chai latte,میں چائے لٹے پی رہا ہوں
I like to drink apple cider vinegar,مجھے سیب کا سرکہ پینا پسند ہے
I can’t help you right now,میں ابھی آپ کی مدد نہیں کر سکتا
I forgot to bring my book,میں اپنا کتاب لانا بھول گیا ہوں
I have a lot of work to do,میرے پاس کرنے کے لئے بہت کام ہے
I don’t like cheese,مجھے پنیر پسند نہیں ہے
I like eating apples,مجھے سیب کھانا پسند ہے
I’m drinking caramel macchiato,میں کیریمل میکیاٹو پی رہا ہوں
I need to get some rest,مجھے کچھ آرام کی ضرورت ہے
I like to drink orange juice,مجھے سنترے کا رس پینا پسند ہے
I like to drink spinach smoothie,مجھے اسپینچ کا اسموتھی پینا پسند ہے
I’m looking for a gift,میں ایک تحفہ تلاش کر رہا ہوں
It’s too far,یہ بہت دور ہے
I work from home,میں گھر سے کام کرتا ہوں
I’m peeling the banana,میں کیلا چھل رہا ہوں
Do you want apple cider vinegar?,کیا آپ کو سیب کا سرکہ چاہیے؟
I have a dentist appointment,میرے پاس ڈینٹسٹ کی ملاقات ہے
I like to drink ginger tea,مجھے ادرک کی چائے پینا پسند ہے
I’m going to make some iced coffee,میں آئسڈ کافی بنانے جا رہا ہوں
Do you want strawberry juice?,کیا آپ کو اسٹرابیری کا رس چاہیے؟
Can you turn off the lights?,کیا آپ لائٹس بند کر سکتے ہیں؟
I’m drinking lemon juice,میں لیموں کا جوس پی رہا ہوں
I’m going to drink oat milk,میں جو کا دودھ پینے جا رہا ہوں
I’m going to drink iced coffee with milk,میں دودھ والی ٹھنڈی کافی پینے جا رہا ہوں
I’m having breakfast now,میں ابھی ناشتہ کر رہا ہوں
I like sweet lime juice,مجھے میٹھے چونے کا جوس پسند ہے
I don’t like sweet food,مجھے میٹھا کھانا پسند نہیں ہے
Do you want fruit punch?,کیا آپ کو پھلوں کا پنچ چاہیے؟
Do you want vanilla latte?,کیا آپ کو وینیلا لٹے چاہیے؟
I like to drink cold brew,مجھے کولڈ برو پینا پسند ہے
I’m going to drink hot coffee,میں گرم کافی پینے جا رہا ہوں
I’m drinking some boiled water,میں اُبالا ہوا پانی پی رہا ہوں
Do you prefer watching movies or reading?,کیا آپ کو فلمیں دیکھنا پسند ہے یا پڑھنا؟
Can you invite me to your party?,کیا آپ مجھے اپنی پارٹی میں مدعو کر سکتے ہیں؟
Could you explain this?,کیا آپ یہ سمجھا سکتے ہیں؟
I am looking for my keys,میں اپنی چابیاں تلاش کر رہا ہوں
Do you need a ride?,کیا آپ کو سواری چاہیے؟
I like lime juice,مجھے چونے کا جوس پسند ہے
I’m going to buy some fruit,میں کچھ پھل خریدنے جا رہا ہوں
What’s the matter?,کیا بات ہے؟
I like fruit punch,مجھے پھلوں کا پنچ پسند ہے
I’m drinking turmeric tea,میں ہلدی کی چائے پی رہا ہوں
I like iced tea,مجھے ٹھنڈی چائے پسند ہے
I’m drinking hot coffee,میں گرم کافی پی رہا ہوں
I don’t like pears,مجھے ناشپاتی پسند نہیں ہے
I’m going to drink sweet tea,میں میٹھی چائے پینے جا رہا ہوں
I will help you with that,میں آپ کی مدد کروں گا
I don’t like seafood,مجھے سمندری کھانا پسند نہیں ہے
I’m going to drink mint water,میں پودینہ کا پانی پینے جا رہا ہوں
What time is it?,کتنا وقت ہوا ہے؟
What did you do today?,آج آپ نے کیا کیا؟
I’m drinking white tea,میں سفید چائے پی رہا ہوں
I’m feeling a little tired,مجھے تھوڑا تھکا ہوا محسوس ہو رہا ہے
Do you want cold chocolate?,کیا آپ کو ٹھنڈی چاکلیٹ چاہیے؟
I like to drink banana smoothie,مجھے کیلے کا اسموتھی پینا پسند ہے
I like to drink blueberry smoothie,مجھے بلوبیری کا اسموتھی پینا پسند ہے
I like to drink iced coffee,مجھے ٹھنڈی کافی پینا پسند ہے
I’m waiting for my friend,میں اپنے دوست کا انتظار کر رہا ہوں
Do you like mangoes?,کیا آپ کو آم پسند ہیں؟
Do you want macchiato?,کیا آپ کو میکیاٹو چاہیے؟
He is sleeping,وہ سو رہا ہے
I like to drink coconut milk,مجھے ناریل کا دودھ پینا پسند ہے
Good night,شب بخیر
This is my favorite book,یہ میری پسندیدہ کتاب ہے
I didn’t like it,مجھے یہ پسند نہیں آیا
I need some fresh air,مجھے تازہ ہوا کی ضرورت ہے
I’m going to a wedding,میں شادی میں جا رہا ہوں
This is my favorite song,یہ میری پسندیدہ گانا ہے
I like fresh apple juice,مجھے تازہ سیب کا جوس پسند ہے
I like eating chocolate,مجھے چاکلیٹ کھانا پسند ہے
I’m drinking papaya smoothie,میں پپیتے کا اسموتھی پی رہا ہوں
I will see you later,میں آپ سے بعد میں ملوں گا
I like to drink carrot juice,مجھے گاجر کا رس پینا پسند ہے
Do you celebrate Christmas?,کیا آپ کرسمس مناتے ہیں؟
I’m going to drink mint tea,میں پودینہ کی چائے پینے جا رہا ہوں
What do you want for lunch?,آپ دوپہر کے کھانے کے لئے کیا چاہتے ہیں؟
I’m drinking iced mocha,میں آئسڈ موکا پی رہا ہوں
My name is Ali,میرا نام علی ہے
I’m busy right now,میں ابھی مصروف ہوں
I’m going to cook dinner,میں رات کا کھانا پکانے جا رہا ہوں
I’m going to eat a mango,میں آم کھانے جا رہا ہوں
I’m drinking herbal water,میں جڑی بوٹیوں کا پانی پی رہا ہوں
I’m making some sandwiches,میں سینڈوچ بنا رہا ہوں
Do you like watermelon?,کیا آپ کو تربوز پسند ہے؟
I’m sorry,مجھے افسوس ہے
I’m not sure,مجھے یقین نہیں ہے
I like spicy food,مجھے مسالے دار کھانا پسند ہے
I am sad,میں غمگین ہوں
I’ll be there soon,میں جلد وہاں پہنچوں گا
I need to buy some muffins,مجھے کچھ مفلن خریدنے ہیں
I need to buy some bread,مجھے کچھ روٹی خریدنی ہے
I’m drinking some iced tea,میں کچھ ٹھنڈی چائے پی رہا ہوں
I’m drinking milk coffee,میں دودھ والی کافی پی رہا ہوں
I like to drink coconut water,مجھے ناریل کا پانی پینا پسند ہے
I like pizza,مجھے پیزا پسند ہے
I am going to the gym,میں جم جا رہا ہوں
I’m going to eat an orange,میں سنترہ کھانے جا رہا ہوں
Can I ask you a question?,کیا میں آپ سے سوال پوچھ سکتا ہوں؟
I’m drinking some soda water,میں سوڈا پانی پی رہا ہوں
I’m going to drink some iced tea,میں ٹھنڈی چائے پینے جا رہا ہوں
Please forgive me,براہ کرم مجھے معاف کریں
Do you want a milkshake?,کیا آپ کو ملکہ شیک چاہیے؟
I’m trying to concentrate,میں توجہ مرکوز کرنے کی کوشش کر رہا ہوں
Do you want turmeric tea?,کیا آپ کو ہلدی کی چائے چاہیے؟
I’m going to eat some strawberries,میں کچھ اسٹرابیری کھانے جا رہا ہوں
Do you want green tea with lemon?,کیا آپ کو لیموں والی سبز چائے چاہیے؟
I’m going to drink papaya juice,میں پپیتے کا رس پینے جا رہا ہوں
I’m going to buy some cake,میں کچھ کیک خریدنے جا رہا ہوں
Do you want some snacks?,کیا آپ کچھ اسنیکس چاہتے ہیں؟
I like to drink avocado smoothie,مجھے ایووکاڈو کا اسموتھی پینا پسند ہے
I’m drinking fresh carrot juice,میں تازہ گاجر کا جوس پی رہا ہوں
I’m drinking carrot juice,میں گاجر کا رس پی رہا ہوں
I am going to work,میں کام پر جا رہا ہوں
I’m going to make some milk coffee,میں دودھ والی کافی بنانے جا رہا ہوں
I’m eating some cherries,میں کچھ چیریاں کھا رہا ہوں
I’m going to drink kale smoothie,میں کیل کا اسموتھی پینے جا رہا ہوں
I don’t eat meat,میں گوشت نہیں کھاتا
I like to drink black coffee,مجھے کالی کافی پینا پسند ہے
I need to buy some chicken,مجھے کچھ چکن خریدنی ہے
Can I have a scoop of vanilla ice cream?,کیا مجھے ایک اسکوپ ونیلا آئس کریم مل سکتی ہے؟
I like to drink protein shake,مجھے پروٹین شیک پینا پسند ہے
Do you want instant coffee?,کیا آپ کو انسٹنٹ کافی چاہیے؟
I like eating cheese,مجھے پنیر کھانا پسند ہے
This is my first time here,یہ میرا یہاں پہلا وقت ہے
I’m drinking fresh juice,میں تازہ رس پی رہا ہوں
I’m drinking ginger water,میں ادرک کا پانی پی رہا ہوں
I’ll call you later,میں آپ کو بعد میں کال کروں گا
I like to eat fruit,مجھے پھل کھانا پسند ہے
I’m going to drink some carrot juice,میں گاجر کا جوس پینے جا رہا ہوں
I’m going to drink cappuccino,میں کیپوچینو پینے جا رہا ہوں
Do you like cold drinks?,کیا آپ کو ٹھنڈے مشروب پسند ہیں؟
I’m going to make some black tea,میں سیاہ چائے بنانے جا رہا ہوں
Do you want pomegranate juice?,کیا آپ کو انار کا رس چاہیے؟
This tastes amazing,اس کا ذائقہ شاندار ہے
Do you want lime juice?,کیا آپ کو چونے کا جوس چاہیے؟
I’m going to drink cold chocolate,میں ٹھنڈی چاکلیٹ پینے جا رہا ہوں
I like to drink peppermint tea,مجھے پودینہ کی چائے پینا پسند ہے
I’m learning how to play chess,میں شطرنج کھیلنا سیکھ رہا ہوں
Do you want sugar in your coffee?,کیا آپ اپنی کافی میں چینی چاہتے ہیں؟
Can you recommend a good movie?,کیا آپ کوئی اچھی فلم تجویز کر سکتے ہیں؟
I’ll pay for this,میں اس کا بل ادا کروں گا
I don’t like this,مجھے یہ پسند نہیں ہے
Do you want cappuccino?,کیا آپ کو کیپوچینو چاہیے؟
Do you want cappuccino with milk?,کیا آپ کو دودھ کے ساتھ کیپوچینو چاہیے؟
I’m sorry for the inconvenience,اس تکلیف کے لئے مجھے افسوس ہے
I’m drinking flat white,میں فلیٹ وائٹ پی رہا ہوں
She’s a good cook,وہ اچھی باورچی ہے
I’m drinking mixed fruit smoothie,میں مکس پھلوں کا اسموتھی پی رہا ہوں
I’m going to buy some snacks,میں کچھ اسنیکس خریدنے جا رہا ہوں
I like to drink coffee,مجھے کافی پینا پسند ہے
I’m drinking ginger-lemon tea,میں ادرک لیموں کی چائے پی رہا ہوں
I like listening to music,مجھے موسیقی سننا پسند ہے
Do you like vegetables?,کیا آپ کو سبزیاں پسند ہیں؟
I like fresh grape juice,مجھے تازہ انگور کا جوس پسند ہے
I’m drinking cold brew,میں کولڈ برو پی رہا ہوں
This is a beautiful painting,یہ ایک خوبصورت پینٹنگ ہے
What is your favorite food?,آپ کا پسندیدہ کھانا کیا ہے؟
Do you want some soda?,کیا آپ سوڈا چاہتے ہیں؟
I’m going to drink ginger tea,میں ادرک کی چائے پینے جا رہا ہوں
I like to drink kiwi juice,مجھے کیوی کا رس پینا پسند ہے
I like to drink cold brew coffee,مجھے کولڈ برو کافی پینا پسند ہے
I’m drinking kiwi juice,میں کیوی کا رس پی رہا ہوں
I like strong coffee,مجھے مضبوط کافی پسند ہے
I’m eating some fish,میں کچھ مچھلی کھا رہا ہوں
I agree,میں متفق ہوں
Do you want hot chocolate?,کیا آپ کو گرم چاکلیٹ چاہیے؟
Do you want iced coffee with milk?,کیا آپ کو دودھ والی ٹھنڈی کافی چاہیے؟
I’m going to make some rice,میں چاول بنانے جا رہا ہوں
Can you tell me the time?,کیا آپ مجھے وقت بتا سکتے ہیں؟
I like to drink watermelon juice,مجھے تربوز کا رس پینا پسند ہے
What’s your favorite dessert?,آپ کا پسندیدہ میٹھا کیا ہے؟
Can you tell me where the station is?,کیا آپ مجھے اسٹیشن کا راستہ بتا سکتے ہیں؟
Do you want to join us for dinner?,کیا آپ ہمارے ساتھ رات کے کھانے کے لئے شامل ہونا چاہتے ہیں؟
Can you make fresh apple juice?,کیا آپ تازہ سیب کا جوس بنا سکتے ہیں؟
Do you like chicken?,کیا آپ کو چکن پسند ہے؟
I’m making some coffee,میں کافی بنا رہا ہوں
I love eating pizza,مجھے پیزا کھانا بہت پسند ہے
I’m trying to get some rest,میں آرام کرنے کی کوشش کر رہا ہوں
I’m eating a sandwich,میں سینڈوچ کھا رہا ہوں
I’m going to the hospital,میں ہسپتال جا رہا ہوں
I will help you with this task,میں آپ کی اس کام میں مدد کروں گا
I need a break,مجھے وقفہ چاہیے
She is an engineer,وہ انجینئر ہے
I’m allergic to nuts,مجھے گری دار میوے سے الرجی ہے
I like to drink latte,مجھے لیٹے پینا پسند ہے
I like fresh orange juice,مجھے تازہ سنترے کا جوس پسند ہے
Do you like seafood?,کیا آپ کو سمندری کھانا پسند ہے؟
I’m going to bed,میں سونے جا رہا ہوں
I don’t like grapes,مجھے انگور پسند نہیں ہیں
Do you want sweet tea?,کیا آپ کو میٹھی چائے چاہیے؟
I’m going to drink watermelon juice,میں تربوز کا رس پینے جا رہا ہوں
I work at a bank,میں بینک میں کام کرتا ہوں
I don’t have a phone,میرے پاس فون نہیں ہے
I’m going to cook some fish,میں مچھلی پکانے جا رہا ہوں
This is very simple,یہ بہت آسان ہے
I’m running out of time,میرے پاس وقت ختم ہو رہا ہے
Do you want to go to the park?,کیا آپ پارک جانا چاہتے ہیں؟
I’m going to eat a banana,میں کیلا کھانے جا رہا ہوں
Can you recommend a good place?,کیا آپ مجھے اچھا جگہ بتا سکتے ہیں؟
I like to eat oranges,مجھے سنترے کھانا پسند ہیں
I’m feeling a little sick,مجھے تھوڑا سا بیمار محسوس ہو رہا ہے
I’m making fresh apple juice,میں تازہ سیب کا جوس بنا رہا ہوں
I like eating cookies,مجھے کوکیز کھانا پسند ہیں
This food is very spicy,یہ کھانا بہت مصالحہ دار ہے
I’m so sorry,مجھے بہت افسوس ہے
I need to sleep,مجھے سونا ہے
I’m going to eat some vegetables,میں کچھ سبزیاں کھانے جا رہا ہوں
I’m drinking peppermint tea,میں پودینہ کی چائے پی رہا ہوں
I’m going to eat some grapes,میں کچھ انگور کھانے جا رہا ہوں
I’m going to drink some fresh juice,میں تازہ جوس پینے جا رہا ہوں
I’m drinking spinach juice,میں اسپینچ کا رس پی رہا ہوں
Can you turn on the light?,کیا آپ روشنی آن کر سکتے ہیں؟
Do you want papaya juice?,کیا آپ کو پپیتے کا رس چاہیے؟
I have to leave now,مجھے اب جانا ہے
Do you want a protein shake?,کیا آپ پروٹین شیک چاہتے ہیں؟
I’m going to a party tonight,میں آج رات پارٹی میں جا رہا ہوں
I like eating cherries,مجھے چیریاں کھانا پسند ہیں
I’m going to drink turmeric tea,میں ہلدی کی چائے پینے جا رہا ہوں
I forgot my keys,میں اپنی چابیاں بھول گیا ہوں
I’m going to the beach,میں سمندر کنارے جا رہا ہوں
I’m drinking green tea with lemon,میں لیموں والی سبز چائے پی رہا ہوں
I’ll wait for you,میں آپ کا انتظار کروں گا
I like to drink chai,مجھے چائے پینا پسند ہے
Do you like to dance?,کیا آپ کو ناچنا پسند ہے؟
It’s okay to feel sad,غمگین محسوس کرنا ٹھیک ہے
It’s not important,یہ اہم نہیں ہے
Let’s go on a picnic,چلیں پکنک پر چلتے ہیں
I don’t want coffee,مجھے کافی نہیں چاہیے
I like black tea,مجھے سیاہ چائے پسند ہے
I need to make a phone call,مجھے فون کال کرنی ہے
Where are you from?,آپ کہاں سے ہیں؟
I’m drinking milk,میں دودھ پی رہا ہوں
I like to travel by train,مجھے ٹرین سے سفر کرنا پسند ہے
Do you want some chai?,کیا آپ کو چائے چاہیے؟
I don’t like chocolate,مجھے چاکلیٹ پسند نہیں ہے
I need to clean my room,مجھے اپنا کمرہ صاف کرنا ہے
I am tired,میں تھکا ہوا ہوں
It’s not your fault,یہ آپ کی غلطی نہیں ہے
I’m drinking black tea,میں کالی چائے پی رہا ہوں
I need to wrap this gift,مجھے اس تحفے کو لپیٹنا ہے
I’m drinking chai,میں چائے پی رہا ہوں
I like to drink lemonade,مجھے لیموں کا مشروب پینا پسند ہے
I’m drinking strong coffee,میں مضبوط کافی پی رہا ہوں
I can’t dance,میں نہیں ناچ سکتا
Do you want coffee with milk?,کیا آپ کو دودھ والی کافی چاہیے؟
The airport is far from here,ہوائی اڈہ یہاں سے دور ہے
I’m trying to get in shape,میں فٹ ہونے کی کوشش کر رہا ہوں
I’ll come back later,میں بعد میں واپس آؤں گا
I like to drink pomegranate juice,مجھے انار کا رس پینا پسند ہے
I’m going to drink lemon water,میں لیموں کا پانی پینے جا رہا ہوں
I like to drink soy milk,مجھے سویا دودھ پینا پسند ہے
Do you want honey latte?,کیا آپ کو شہد والا لٹے چاہیے؟
I like eating salad,مجھے سلاد کھانا پسند ہے
I’m making some muffins,میں کچھ مفلن بنا رہا ہوں
I’m going to eat some peaches,میں کچھ آڑو کھانے جا رہا ہوں
I’m going to eat some fish,میں کچھ مچھلی کھانے جا رہا ہوں
I need some rest,مجھے آرام کی ضرورت ہے
I don’t understand,مجھے سمجھ نہیں آتی
I like apples,مجھے سیب پسند ہیں
I like to drink hot chocolate,مجھے گرم چاکلیٹ پینا پسند ہے
I’ll bring it tomorrow,میں اسے کل لے آؤں گا
I can’t do this,میں یہ نہیں کر سکتا
I need to buy some vegetables,مجھے کچھ سبزیاں خریدنی ہیں
I need to make some dumplings,مجھے کچھ دُمپلنگ بنانی ہیں
What time do you wake up?,آپ کتنے بجے اٹھتے ہیں؟
I like baking,مجھے بیکنگ کرنا پسند ہے
I like to drink tea with honey,مجھے شہد والی چائے پینا پسند ہے
I’m drinking lemonade,میں لیموں کا مشروب پی رہا ہوں
What’s your phone number?,آپ کا فون نمبر کیا ہے؟
I like to drink chamomile tea,مجھے کیمومائل چائے پینا پسند ہے
Do you want to eat a banana?,کیا آپ ایک کیلا کھانا چاہتے ہیں؟
I like to drink pineapple smoothie,مجھے انناس کا اسموتھی پینا پسند ہے
Where is the library?,کتب خانہ کہاں ہے؟
I’m going to drink pear juice,میں ناشپاتی کا رس پینے جا رہا ہوں
I forgot to bring my umbrella,میں اپنا چھتری لانا بھول گیا ہوں
I’m going to eat some fruit salad,میں پھلوں کا سلاد کھانے جا رہا ہوں
Do you want grape juice?,کیا آپ کو انگور کا رس چاہیے؟
She is very kind,وہ بہت مہربان ہے
What do you do?,آپ کیا کرتے ہیں؟
Can you help me find my keys?,کیا آپ میری چابیاں تلاش کرنے میں مدد کر سکتے ہیں؟
I’m baking a cake,میں کیک پکا رہا ہوں
I don’t eat beef,میں گوشت نہیں کھاتا
Do you like fish?,کیا آپ مچھلی پسند کرتے ہیں؟
Can I borrow your charger?,کیا میں آپ کا چارجر لے سکتا ہوں؟
I’m eating an apple,میں سیب کھا رہا ہوں
I am in a hurry,میں جلدی میں ہوں
I’m going for a jog,میں دوڑنے جا رہا ہوں
I don’t like shopping,مجھے خریداری پسند نہیں ہے
This book is interesting,یہ کتاب دلچسپ ہے
I’ll do it tomorrow,میں یہ کل کر لوں گا
Do you want lemon water?,کیا آپ کو لیموں کا پانی چاہیے؟
It’s not a big deal,یہ کوئی بڑی بات نہیں ہے
Can you help me find my way?,کیا آپ میری مدد کر سکتے ہیں؟
Do you play chess?,کیا آپ شطرنج کھیلتے ہیں؟
Do you want pineapple smoothie?,کیا آپ کو انناس کا اسموتھی چاہیے؟
How much is this?,یہ کتنے کا ہے؟
I need a new phone,مجھے نیا فون چاہیے
"I am fine, thank you",میں ٹھیک ہوں، شکریہ
I’m eating some noodles,میں کچھ نوڈلز کھا رہا ہوں
I’m playing a video game,میں ویڈیو گیم کھیل رہا ہوں
I like to play football,مجھے فٹ بال کھیلنا پسند ہے
I need to clear my mind,مجھے اپنا دماغ صاف کرنے کی ضرورت ہے
It’s 3 PM,یہ تین بجے ہیں
Let’s meet tomorrow,چلیں کل ملتے ہیں
This restaurant has great food,اس ریستوران کا کھانا بہت مزیدار ہے
I’m drinking fresh orange juice,میں تازہ سنترے کا جوس پی رہا ہوں
I don’t have any change,میرے پاس کوئی چھوٹے نوٹ نہیں ہیں
I need to upgrade my phone,مجھے اپنا فون اپ گریڈ کرنا ہے
I like to drink fruit juice,مجھے پھلوں کا جوس پینا پسند ہے
Can you make green tea?,کیا آپ سبز چائے بنا سکتے ہیں؟
Do you want chamomile tea?,کیا آپ کو کیمومائل چائے چاہیے؟
Can I get a glass of water?,کیا مجھے پانی کا گلاس مل سکتا ہے؟
I like fresh bread,مجھے تازہ روٹی پسند ہے
She is studying hard,وہ سخت محنت سے پڑھائی کر رہی ہے
Do you want an orange?,کیا آپ کو سنترہ چاہیے؟
Do you want avocado smoothie?,کیا آپ کو ایووکاڈو کا اسموتھی چاہیے؟
I’m going to drink grape juice,میں انگور کا رس پینے جا رہا ہوں
Where is my bag?,میرا بیگ کہاں ہے؟
I’m drinking mango smoothie,میں آم کا اسموتھی پی رہا ہوں
I’m feeling a little better,میں تھوڑا بہتر محسوس کر رہا ہوں
Do you want rice milk?,کیا آپ کو چاول کا دودھ چاہیے؟
Can you make me a sandwich?,کیا آپ مجھے سینڈوچ بنا کر دے سکتے ہیں؟
Where is the nearest bank?,قریب ترین بینک کہاں ہے؟
The bus is full,بس بھری ہوئی ہے
I need a refill,مجھے ریفِل کی ضرورت ہے
I’m going to drink guava juice,میں آم جوس پینے جا رہا ہوں
I’m going to drink espresso,میں ایسپریسو پینے جا رہا ہوں
I’m getting a massage,میں مساج کروا رہا ہوں
I like to drink grape juice,مجھے انگور کا رس پینا پسند ہے
I’m going to drink orange juice,میں سنترے کا رس پینے جا رہا ہوں
How much does this cost?,یہ کتنے کا ہے؟
I’m drinking some fruit water,میں پھلوں کا پانی پی رہا ہوں
I’m baking some cookies,میں کوکیز پکا رہا ہوں
Can you explain it again?,کیا آپ دوبارہ وضاحت کر سکتے ہیں؟
I like to drink iced matcha,مجھے آئسڈ مچا پینا پسند ہے
I like eating vegetables,مجھے سبزیاں کھانا پسند ہیں
Do you like cake?,کیا آپ کو کیک پسند ہے؟
It’s time to go,چلنے کا وقت ہو گیا ہے
I’m going to eat some cake,میں کچھ کیک کھانے جا رہا ہوں
I’m going to buy some cupcakes,میں کچھ کپکیک خریدنے جا رہا ہوں
I like to drink sweet tea,مجھے میٹھی چائے پینا پسند ہے
I like to drink iced mocha,مجھے آئسڈ موکا پینا پسند ہے
I’m going to drink some juice,میں جوس پینے جا رہا ہوں
I like to listen to music,مجھے موسیقی سننا پسند ہے
I’m drinking cold brew coffee,میں کولڈ برو کافی پی رہا ہوں
I’m drinking soy milk,میں سویا دودھ پی رہا ہوں
I need to wake up early tomorrow,مجھے کل جلدی اٹھنا ہے
I don’t like sugar,مجھے چینی پسند نہیں ہے
I’m drinking cappuccino with milk,میں دودھ کے ساتھ کیپوچینو پی رہا ہوں
Where can I buy tickets?,میں ٹکٹ کہاں خرید سکتا ہوں؟
I love reading,مجھے پڑھنا بہت پسند ہے
I’m going to drink some coffee,میں کافی پینے جا رہا ہوں
I’m going to drink iced matcha,میں آئسڈ مچا پینے جا رہا ہوں
I’m using the internet,میں انٹرنیٹ استعمال کر رہا ہوں
Do you want spinach smoothie?,کیا آپ کو اسپینچ کا اسموتھی چاہیے؟
Let’s play a board game,چلیں ایک بورڈ گیم کھیلتے ہیں
Do you want some iced tea?,کیا آپ کو ٹھنڈی چائے چاہیے؟
I’m going to drink chamomile tea,میں کیمومائل چائے پینے جا رہا ہوں
I love pizza,مجھے پیزا بہت پسند ہے
I’m going to drink apple cider vinegar,میں سیب کا سرکہ پینے جا رہا ہوں
I’m drinking iced tea with lemon,میں لیموں کے ساتھ ٹھنڈی چائے پی رہا ہوں
Please sit down,براہ کرم بیٹھ جائیں
I will call you in 10 minutes,میں آپ کو 10 منٹ میں کال کروں گا
I’m going to drink beetroot juice,میں چقندر کا رس پینے جا رہا ہوں
I like to drink pineapple juice,مجھے انناس کا رس پینا پسند ہے
This is a book,یہ ایک کتاب ہے
I like to drink espresso,مجھے ایسپریسو پینا پسند ہے
I’m going to drink cold brew,میں کولڈ برو پینے جا رہا ہوں
I need a facial,مجھے فیشل کی ضرورت ہے
I’m drinking apple cider vinegar,میں سیب کا سرکہ پی رہا ہوں
I don’t feel like doing anything,مجھے کچھ کرنے کا دل نہیں کر رہا
Do you like fruit juice?,کیا آپ کو پھلوں کا جوس پسند ہے؟
I like to drink cucumber water,مجھے کھیرے کا پانی پینا پسند ہے
I’m eating watermelon,میں تربوز کھا رہا ہوں
What’s for dinner?,رات کے کھانے میں کیا ہے؟
I need to buy some noodles,مجھے کچھ نوڈلز خریدنی ہیں
I need to exercise,مجھے ورزش کرنے کی ضرورت ہے
I think it’s a good idea,مجھے لگتا ہے کہ یہ اچھا خیال ہے
I like to drink strawberry juice,مجھے اسٹرابیری کا رس پینا پسند ہے
She is very busy,وہ بہت مصروف ہے
I want to visit Europe,میں یورپ جانا چاہتا ہوں
I’m going to drink strawberry juice,میں اسٹرابیری کا رس پینے جا رہا ہوں
I’m following a workout plan,میں ایک ورزش کا منصوبہ فالو کر رہا ہوں
I’m eating healthy food,میں صحت مند کھانا کھا رہا ہوں
I’m drinking some sweet lime juice,میں کچھ میٹھے چونے کا جوس پی رہا ہوں
I’m going to drink hot water,میں گرم پانی پینے جا رہا ہوں
I like to drink instant coffee,مجھے انسٹنٹ کافی پینا پسند ہے
Do you want some tea?,کیا آپ چائے پینا چاہتے ہیں؟
I’m going to drink lemonade,میں لیموں کا مشروب پینے جا رہا ہوں
I’m making some lemonade,میں لیموں پانی بنا رہا ہوں
I’m drinking herbal tea,میں جڑی بوٹیوں کی چائے پی رہا ہوں
I’m running late,میں دیر سے پہنچ رہا ہوں
I forgot my wallet,میں اپنا بٹوا بھول گیا ہوں
Can you make it a little sweeter?,کیا آپ اسے تھوڑا میٹھا کر سکتے ہیں؟
It is raining,بارش ہو رہی ہے
I’m eating spaghetti,میں اسپگیٹی کھا رہا ہوں
I like eating pasta,مجھے پاستا کھانا پسند ہے
I’m going to make some cookies,میں کچھ کوکیز بنانے جا رہا ہوں
I can’t believe it,مجھے یقین نہیں آ رہا
I need some water,مجھے پانی چاہیے
I need to go to the dentist,مجھے ڈینٹسٹ کے پاس جانا ہے
How are you?,آپ کیسے ہیں؟
This is very easy,یہ بہت آسان ہے
Do you want an apple?,کیا آپ کو سیب چاہیے؟
Do you want some fresh juice?,کیا آپ تازہ جوس چاہتے ہیں؟
I like drinking herbal tea,مجھے جڑی بوٹیوں کی چائے پینا پسند ہے
Good morning,صبح بخیر
I don’t like spicy food,مجھے مسالے دار کھانا پسند نہیں ہے
I’m going to the gym,میں جم جا رہا ہوں
Can I have a pineapple?,کیا مجھے انناس مل سکتا ہے؟
Do you want almond milk?,کیا آپ کو بادام کا دودھ چاہیے؟
I’m going to eat some cherries,میں کچھ چیریاں کھانے جا رہا ہوں
I’m making some coffee,میں کافی بنانے جا رہا ہوں
I’m drinking rice milk,میں چاول کا دودھ پی رہا ہوں
I’m drinking chamomile tea,میں کیمومائل چائے پی رہا ہوں
I went to the mountains,میں پہاڑوں پر گیا تھا
I’m drinking apple water,میں سیب کا پانی پی رہا ہوں
I like light coffee,مجھے ہلکی کافی پسند ہے
Can I have the menu?,کیا مجھے مینو مل سکتا ہے؟
I’m drinking mango juice,میں آم کا جوس پی رہا ہوں
Can you repeat that?,کیا آپ اسے دوبارہ کہہ سکتے ہیں؟
Do you like strong coffee?,کیا آپ کو مضبوط کافی پسند ہے؟
I’ll be back in 10 minutes,میں 10 منٹ میں واپس آؤں گا
I’m going to buy some makeup,میں کچھ میک اپ خریدنے جا رہا ہوں
I like to drink herbal water,مجھے جڑی بوٹیوں کا پانی پینا پسند ہے
Can I borrow your book?,کیا میں آپ کی کتاب لے سکتا ہوں؟
I like eating peaches,مجھے آڑو کھانا پسند ہے
I need to drink some water,مجھے تھوڑا پانی پینا ہے
Do you want black coffee?,کیا آپ سیاہ کافی چاہتے ہیں؟
I’m drinking fruit punch,میں پھلوں کا پنچ پی رہا ہوں
I’m drinking pineapple smoothie,میں انناس کا اسموتھی پی رہا ہوں
I wake up at 7 AM,میں صبح سات بجے اٹھتا ہوں
I’m drinking some juice,میں کچھ جوس پی رہا ہوں
Can I have some grapes?,کیا مجھے کچھ انگور مل سکتے ہیں؟
Can you make milk coffee?,کیا آپ دودھ والی کافی بنا سکتے ہیں؟
I’m going to drink almond milk,میں بادام کا دودھ پینے جا رہا ہوں
I’m looking for a restaurant,میں ایک ریستوران تلاش کر رہا ہوں
Do you want iced coffee?,کیا آپ کو ٹھنڈی کافی چاہیے؟
I like to drink rice milk,مجھے چاول کا دودھ پینا پسند ہے
I’m sorry for the misunderstanding,غلط فہمی کے لئے مجھے افسوس ہے
I don’t like watermelon,مجھے تربوز پسند نہیں ہے
I can’t find my phone,میں اپنا فون نہیں ڈھونڈ پا رہا ہوں
I’m looking for a new job,میں نیا کام تلاش کر رہا ہوں
I need some milk,مجھے دودھ چاہیے
I like to drink cappuccino with milk,مجھے دودھ کے ساتھ کیپوچینو پینا پسند ہے
Do you like this movie?,کیا آپ کو یہ فلم پسند ہے؟
I like to drink honey and ginger tea,مجھے شہد اور ادرک کی چائے پینا پسند ہے
I’m so proud of you,مجھے تم پر فخر ہے
I can’t wait for the weekend,میں ہفتے کے آخر کا انتظار نہیں کر سکتا
What time do you go to bed?,آپ کتنے بجے سوتے ہیں؟
I like cherries,مجھے چیریاں پسند ہیں
I’m drinking fresh grape juice,میں تازہ انگور کا جوس پی رہا ہوں
I’m drinking detox water,میں ڈی ٹاکس پانی پی رہا ہوں
I need to find a place to stay,مجھے ٹھہرنے کے لئے جگہ تلاش کرنی ہے
I’m drinking cold matcha,میں ٹھنڈی مچا پی رہا ہوں
I like playing cards,مجھے تاش کھیلنا پسند ہے
I like to drink rose tea,مجھے گلاب کی چائے پینا پسند ہے
I’m going to drink tea with honey,میں شہد والی چائے پینے جا رہا ہوں
I’m drinking oat milk,میں جو کا دودھ پی رہا ہوں
I’m going to buy some mangoes,میں کچھ آم خریدنے جا رہا ہوں
I’m drinking fruit soda,میں پھلوں کا سوڈا پی رہا ہوں
It’s raining outside,باہر بارش ہو رہی ہے
I like to eat rice,مجھے چاول کھانا پسند ہے
Do you want coconut milk?,کیا آپ کو ناریل کا دودھ چاہیے؟
I’m drinking milkshake,میں ملکہ شیک پی رہا ہوں
I don’t like milk,مجھے دودھ پسند نہیں ہے
I have an appointment,میرے پاس ملاقات ہے
I like green apples,مجھے سبز سیب پسند ہیں
I’m going to drink blueberry smoothie,میں بلوبیری کا اسموتھی پینے جا رہا ہوں
I’m studying for my exams,میں اپنے امتحانات کی تیاری کر رہا ہوں
Can you get me some water?,کیا آپ مجھے پانی لا سکتے ہیں؟
I like eating mangoes,مجھے آم کھانا پسند ہے
I have big plans for the weekend,میرے پاس ہفتے کے آخر کے لئے بڑے منصوبے ہیں
I’m going to drink fresh juice,میں تازہ رس پینے جا رہا ہوں
I like celebrating my birthday,مجھے اپنا جنم دن منانا پسند ہے
I’m going to drink aloe vera juice,میں ایلو ویرا کا رس پینے جا رہا ہوں
I’m going to eat some vegetables,میں سبزیاں کھانے جا رہا ہوں
Can you teach me how to cook?,کیا آپ مجھے کھانا پکانا سکھا سکتے ہیں؟
I’m going to drink lime juice,میں چونے کا جوس پینے جا رہا ہوں
This is my family,یہ میری فیملی ہے
I’m sorry for the delay,تاخیر کے لیے مجھے افسوس ہے
Can you teach me how to dance?,کیا آپ مجھے ناچنا سکھا سکتے ہیں؟
I need to cook spaghetti,مجھے اسپگیٹی پکانی ہے
Do you like boiled water?,کیا آپ اُبالا ہوا پانی پسند کرتے ہیں؟
I’m just browsing the internet,میں صرف انٹرنیٹ پر براؤز کر رہا ہوں
I’m drinking pineapple juice,میں انناس کا رس پی رہا ہوں
I like to drink lemon water,مجھے لیموں کا پانی پینا پسند ہے
I’m drinking some fresh fruit juice,میں تازہ پھلوں کا جوس پی رہا ہوں
I need to buy some groceries,مجھے کچھ سودا سلف خریدنا ہے
Can I ask for your opinion?,کیا میں آپ سے رائے لے سکتا ہوں؟
Do you want a sandwich?,کیا آپ کو سینڈوچ چاہیے؟
I like fresh carrot juice,مجھے تازہ گاجر کا جوس پسند ہے
I’m going to the store,میں دکان جا رہا ہوں
I’m drinking beetroot juice,میں چقندر کا رس پی رہا ہوں
I’m going to drink vegetable juice,میں سبزیوں کا رس پینے جا رہا ہوں
I like filtered water,مجھے فلٹر شدہ پانی پسند ہے
I hope you feel better soon,مجھے امید ہے کہ آپ جلد بہتر محسوس کریں گے
This restaurant is very popular,یہ ریستوران بہت مشہور ہے
I’m looking for a book,میں ایک کتاب تلاش کر رہا ہوں
I like chai,مجھے چائے پسند ہے
Please don’t worry,براہ کرم فکر نہ کریں
I’m going to buy some bread,میں کچھ روٹی خریدنے جا رہا ہوں
We are friends,ہم دوست ہیں
Do you like to bake?,کیا آپ کو بیکنگ کرنا پسند ہے؟
Do you want green tea?,کیا آپ کو سبز چائے چاہیے؟
I’m drinking vanilla latte,میں وینیلا لٹے پی رہا ہوں
I like reading about history,مجھے تاریخ کے بارے میں پڑھنا پسند ہے
I’m thirsty,مجھے پیاس لگی ہے
Do you wear makeup?,کیا آپ میک اپ کرتی ہیں؟
I don’t like vegetables,مجھے سبزیاں پسند نہیں ہیں
I like your dress,مجھے آپ کا لباس پسند ہے
I like green tea,مجھے سبز چائے پسند ہے
I’m drinking cappuccino,میں کیپوچینو پی رہا ہوں
Everything is fine,سب کچھ ٹھیک ہے
I’m drinking ginger tea,میں ادرک کی چائے پی رہا ہوں
I’m going to drink ginger-lemon tea,میں ادرک لیموں کی چائے پینے جا رہا ہوں
Where do you work?,آپ کہاں کام کرتے ہیں؟
I need some cheese,مجھے پنیر چاہیے
I like to drink black tea,مجھے کالی چائے پینا پسند ہے
How was your day?,آپ کا دن کیسا گزرا؟
I like to drink hot coffee,مجھے گرم کافی پینا پسند ہے
Can you hear me?,کیا آپ مجھے سن سکتے ہیں؟
I have a question,میرے پاس ایک سوال ہے
I’m having some dessert,میں کچھ میٹھا کھا رہا ہوں
I’m drinking some fresh juice,میں تازہ جوس پی رہا ہوں
I’m having a bowl of soup,میں سوپ کا پیالہ کھا رہا ہوں
Do you like coconut water?,کیا آپ کو ناریل کا پانی پسند ہے؟
I will call you when I’m free,جب میں آزاد ہوں گا تو آپ کو کال کروں گا
I’m going to drink fruit punch,میں پھلوں کا پنچ پینے جا رہا ہوں
I’m going to eat some fruit,میں کچھ پھل کھانے جا رہا ہوں
I’m drinking some tonic water,میں ٹانک پانی پی رہا ہوں
I’m drinking cucumber water,میں کھیرے کا پانی پی رہا ہوں
This is very expensive,یہ بہت مہنگا ہے
Do you like pizza?,کیا آپ کو پیزا پسند ہے؟
Can you make fresh lemon juice?,کیا آپ تازہ لیموں کا جوس بنا سکتے ہیں؟
I’m drinking honey and ginger tea,میں شہد اور ادرک کی چائے پی رہا ہوں
I’m going to eat some rice,میں کچھ چاول کھانے جا رہا ہوں
I’m drinking coconut milk,میں ناریل کا دودھ پی رہا ہوں
I like to drink green tea,مجھے سبز چائے پینا پسند ہے
I’m going to the library,میں کتب خانے جا رہا ہوں
Do you want chai latte?,کیا آپ کو چائے لٹے چاہیے؟
Can I help you with anything?,کیا میں آپ کی کسی چیز میں مدد کر سکتا ہوں؟
I’m making a salad,میں سلاد بنا رہا ہوں
I’m so excited for the trip,مجھے سفر کے لئے بہت خوشی ہو رہی ہے
I’m eating strawberries,میں اسٹرابیری کھا رہا ہوں
I’m very proud of you,مجھے تم پر بہت فخر ہے
It’s very cold today,آج بہت سردی ہے
I like to drink mint tea,مجھے پودینہ کی چائے پینا پسند ہے
I’m going to buy some cookies,میں کچھ کوکیز خریدنے جا رہا ہوں
I’m going to a concert,میں ایک کنسرٹ پر جا رہا ہوں
Can you give me directions?,کیا آپ مجھے راستہ بتا سکتے ہیں؟
I’m going to drink banana smoothie,میں کیلے کا اسموتھی پینے جا رہا ہوں
I like bananas,مجھے کیلے پسند ہیں
Do you have change?,کیا آپ کے پاس چھوٹے نوٹ ہیں؟
Do you want detox water?,کیا آپ کو ڈی ٹاکس پانی چاہیے؟
I want to go for a walk,میں سیر کے لئے جانا چاہتا ہوں
We are learning new things,ہم نئی چیزیں سیکھ رہے ہیں
Do you like cheese?,کیا آپ کو پنیر پسند ہے؟
It’s a beautiful day,آج کا دن بہت خوبصورت ہے
Do you want a latte?,کیا آپ کو لیٹے چاہیے؟
Do you want herbal tea?,کیا آپ کو جڑی بوٹیوں کی چائے چاہیے؟
Can you recommend a hotel?,کیا آپ مجھے ہوٹل کی سفارش کر سکتے ہیں؟
I like to drink lemon tea with mint,مجھے پودینہ والی لیموں کی چائے پینا پسند ہے
I don’t like playing games,مجھے کھیلنا پسند نہیں ہے
I’m going to make some tea,میں چائے بنانے جا رہا ہوں
Do you want papaya smoothie?,کیا آپ کو پپیتے کا اسموتھی چاہیے؟
I’m going to drink macchiato,میں میکیاٹو پینے جا رہا ہوں
Do you want mango juice?,کیا آپ کو آم کا رس چاہیے؟
I’m drinking mint water,میں پودینہ کا پانی پی رہا ہوں
It’s too late now,اب بہت دیر ہو چکی ہے
Let’s take a break,چلیں ایک وقفہ لیتے ہیں
Please take a seat,براہ کرم بیٹھ جائیے
What is your name?,آپ کا نام کیا ہے؟
I need to download a file,مجھے ایک فائل ڈاؤن لوڈ کرنی ہے
I love watching movies,مجھے فلمیں دیکھنا بہت پسند ہے
I’m eating some chips,میں کچھ چپس کھا رہا ہوں
I’ll handle it,میں اس کا انتظام کر لوں گا
I’m going to eat some mangoes,میں آم کھانے جا رہا ہوں
I’m cooking some vegetables,میں سبزیاں پکا رہا ہوں
I like to drink pear juice,مجھے ناشپاتی کا رس پینا پسند ہے
I’m going to drink a protein shake,میں پروٹین شیک پینے جا رہا ہوں
I don’t drink coffee,میں کافی نہیں پیتا
We should leave now,ہمیں اب جانا چاہیے
I like Italian food,مجھے اطالوی کھانا پسند ہے
I like seafood,مجھے سمندری کھانا پسند ہے
I am waiting for the bus,میں بس کا انتظار کر رہا ہوں
I’m going to make some tea,میں کچھ چائے بنانے جا رہا ہوں
I love traveling,مجھے سفر کرنا پسند ہے
I’m going to drink some espresso,میں ایسپریسو پینے جا رہا ہوں
I like to drink macchiato,مجھے میکیاٹو پینا پسند ہے
I like to drink lemon tea,مجھے لیموں کی چائے پینا پسند ہے
Do you want oat milk?,کیا آپ کو جو کا دودھ چاہیے؟
I don’t like cooking,مجھے کھانا پکانا پسند نہیں ہے
I like tonic water,مجھے ٹانک پانی پسند ہے
Do you want cold matcha?,کیا آپ کو ٹھنڈی مچا چاہیے؟
Do you want white tea?,کیا آپ کو سفید چائے چاہیے؟
"No, I don’t understand",نہیں، میں نہیں سمجھتا
I need to go to the supermarket,مجھے سپر مارکیٹ جانا ہے
My favorite color is blue,میرا پسندیدہ رنگ نیلا ہے
I’m going to drink iced tea with lemon,میں لیموں کے ساتھ ٹھنڈی چائے پینے جا رہا ہوں
I’m going to drink herbal tea,میں جڑی بوٹیوں کی چائے پینے جا رہا ہوں
This is a gift,یہ ایک تحفہ ہے
I like to drink apple water,مجھے سیب کا پانی پینا پسند ہے
I am 25 years old,میں 25 سال کا ہوں
I like soda water,مجھے سوڈا پانی پسند ہے
I’m going to the kitchen,میں کچن جا رہا ہوں
I need to talk to you,مجھے آپ سے بات کرنی ہے
I’m going to drink ginger water,میں ادرک کا پانی پینے جا رہا ہوں
Do you want beetroot juice?,کیا آپ کو چقندر کا رس چاہیے؟
Do you want to cook together?,کیا آپ ساتھ کھانا پکانا چاہتے ہیں؟
I’m going to drink coconut milk,میں ناریل کا دودھ پینے جا رہا ہوں
I’m going to sleep early,میں جلدی سونے جا رہا ہوں
I’m going to drink honey and ginger tea,میں شہد اور ادرک کی چائے پینے جا رہا ہوں
I need to go to the doctor,مجھے ڈاکٹر کے پاس جانا ہے
I want to try something new,میں کچھ نیا آزمانا چاہتا ہوں
I like to drink fresh juice,مجھے تازہ رس پینا پسند ہے
Do you like pasta?,کیا آپ کو پاستا پسند ہے؟
I think I’ve found it,مجھے لگتا ہے کہ میں نے یہ ڈھونڈ لیا ہے
This is very important,یہ بہت اہم ہے
It’s very close,یہ بہت قریب ہے
I’m going to drink caramel macchiato,میں کیریمل میکیاٹو پینے جا رہا ہوں
I prefer to travel by car,مجھے گاڑی سے سفر کرنا پسند ہے
I’m going to drink some lemon juice,میں لیموں کا جوس پینے جا رہا ہوں
I need to call my friend,مجھے اپنے دوست کو کال کرنی ہے
I need to buy a pen,مجھے ایک پین خریدنا ہے
Do you want flat white?,کیا آپ کو فلیٹ وائٹ چاہیے؟
Can I help you?,کیا میں آپ کی مدد کر سکتا ہوں؟
Can you make a salad?,کیا آپ سلاد بنا سکتے ہیں؟
Can you buy some milk?,کیا آپ دودھ خرید سکتے ہیں؟
I’m going to eat some watermelon,میں کچھ تربوز کھانے جا رہا ہوں
Do you want cold brew coffee?,کیا آپ کو کولڈ برو کافی چاہیے؟
I’m making some noodles,میں نوڈلز بنا رہا ہوں
Can you bring me some cold water?,کیا آپ مجھے ٹھنڈا پانی لا سکتے ہیں؟
Do you want hot water?,کیا آپ کو گرم پانی چاہیے؟
I like hot water,مجھے گرم پانی پسند ہے
I’m feeling sick,مجھے بیماری محسوس ہو رہی ہے
I like your shoes,مجھے آپ کے جوتے پسند ہیں
Do you want some juice?,کیا آپ جوس چاہتے ہیں؟
I’m eating a peach,میں آڑو کھا رہا ہوں
I’m going to cook some pasta,میں پاستا پکانے جا رہا ہوں
Do you want mint tea?,کیا آپ کو پودینہ کی چائے چاہیے؟
Are you coming?,کیا آپ آ رہے ہیں؟
I’m going to drink apple water,میں سیب کا پانی پینے جا رہا ہوں
She is very talented,وہ بہت ہنر مند ہے
I like both,مجھے دونوں پسند ہیں
I like drinking tea,مجھے چائے پینا پسند ہے
I love going to concerts,مجھے کنسرٹ جانا بہت پسند ہے
Do you want ginger tea?,کیا آپ کو ادرک کی چائے چاہیے؟
I’m going to drink lemon tea,میں لیموں کی چائے پینے جا رہا ہوں
I’m going to eat some pineapple,میں کچھ انناس کھانے جا رہا ہوں
I like to drink mango smoothie,مجھے آم کا اسموتھی پینا پسند ہے
I like to drink oat milk,مجھے جو کا دودھ پینا پسند ہے
I’m really tired,میں واقعی تھکا ہوا ہوں
I’m drinking kale smoothie,میں کیل کا اسموتھی پی رہا ہوں
I have a sister,میری ایک بہن ہے
I’m going to drink a milkshake,میں ملکہ شیک پینے جا رہا ہوں
I don’t like pineapple,مجھے انناس پسند نہیں ہے
I’m drinking coffee,میں کافی پی رہا ہوں
I feel so relaxed now,اب میں بہت آرام دہ محسوس کر رہا ہوں
I’m going to drink fruit soda,میں پھلوں کا سوڈا پینے جا رہا ہوں
I like to eat fruits,مجھے پھل کھانا پسند ہیں
I’m drinking aloe vera juice,میں ایلو ویرا کا رس پی رہا ہوں
We should hurry,ہمیں جلدی کرنی چاہیے
I need to buy some soup,مجھے کچھ سوپ خریدنا ہے
I’m drinking espresso,میں ایسپریسو پی رہا ہوں
It’s okay,کوئی بات نہیں
I need to eat something,مجھے کچھ کھانا ہے
Do you want orange juice?,کیا آپ کو سنترے کا رس چاہیے؟
Can you show me the way?,کیا آپ مجھے راستہ دکھا سکتے ہیں؟
I’m drinking vegetable juice,میں سبزیوں کا رس پی رہا ہوں
I’m drinking lemon tea with mint,میں پودینہ والی لیموں کی چائے پی رہا ہوں
Do you want herbal water?,کیا آپ کو جڑی بوٹیوں کا پانی چاہیے؟
I don’t like rainy weather,مجھے بارش والا موسم پسند نہیں ہے
I’m making some iced tea,میں ٹھنڈی چائے بنا رہا ہوں
The supermarket is near my house,سپر مارکیٹ میرے گھر کے قریب ہے
Do you agree?,کیا آپ متفق ہیں؟
I like to drink turmeric tea,مجھے ہلدی کی چائے پینا پسند ہے
Do you want iced tea with lemon?,کیا آپ کو لیموں کے ساتھ ٹھنڈی چائے چاہیے؟
I’ll see you later,میں آپ سے بعد میں ملوں گا
I’ll meet you at the station,میں آپ سے اسٹیشن پر ملوں گا
I’m really sorry for being late,دیر سے آنے پر مجھے واقعی افسوس ہے
He is watching TV,وہ ٹی وی دیکھ رہا ہے
I’m on a diet,میں ڈائیٹ پر ہوں
Can I have the check please?,کیا مجھے بل مل سکتا ہے؟
Can you make some sweet lime juice?,کیا آپ میٹھے چونے کا جوس بنا سکتے ہیں؟
Can you make coconut water?,کیا آپ ناریل کا پانی بنا سکتے ہیں؟
I’m drinking coconut water,میں ناریل کا پانی پی رہا ہوں
My birthday is in December,میرا جنم دن دسمبر میں ہے
We are going on vacation,ہم تعطیلات پر جا رہے ہیں
Do you want some chips?,کیا آپ کو چپس چاہیے؟
I need to buy some rice,مجھے کچھ چاول خریدنے ہیں
Do you like shopping?,کیا آپ کو خریداری پسند ہے؟
I like to drink mango juice,مجھے آم کا رس پینا پسند ہے
I’m drinking tea with honey,میں شہد والی چائے پی رہا ہوں
I’m going to drink soy milk,میں سویا دودھ پینے جا رہا ہوں
I have some free time,میرے پاس تھوڑا وقت ہے
I like to drink papaya smoothie,مجھے پپیتے کا اسموتھی پینا پسند ہے
I’m going to drink cappuccino with milk,میں دودھ کے ساتھ کیپوچینو پینے جا رہا ہوں
I like to eat watermelon,مجھے تربوز کھانا پسند ہے
I’m tired,میں تھکا ہوا ہوں
Can you make fresh carrot juice?,کیا آپ تازہ گاجر کا جوس بنا سکتے ہیں؟
I like to drink almond milk,مجھے بادام کا دودھ پینا پسند ہے
I need some more time,مجھے مزید وقت چاہیے
She is my sister,وہ میری بہن ہے
I’m going to cook dinner,میں رات کا کھانا پکا رہا ہوں
I’ll finish this task soon,میں یہ کام جلد مکمل کر لوں گا
I’m going to visit my grandparents,میں اپنے دادا دادی سے ملنے جا رہا ہوں
I don’t celebrate Christmas,میں کرسمس نہیں مناتا
I’m feeling much better now,اب میں بہت بہتر محسوس کر رہا ہوں
I am studying,میں پڑھائی کر رہا ہوں
I like my coffee with milk,مجھے اپنی کافی دودھ کے ساتھ پسند ہے
I’m going to the ice cream shop,میں آئس کریم کی دکان جا رہا ہوں
Can you bring me some filtered water?,کیا آپ مجھے فلٹر شدہ پانی لا سکتے ہیں؟
Do you like white tea?,کیا آپ سفید چائے پسند کرتے ہیں؟
I’m drinking guava juice,میں آم جوس پی رہا ہوں
I’m drinking coffee with milk,میں دودھ والی کافی پی رہا ہوں
I’m making some fruit juice,میں پھلوں کا جوس بنا رہا ہوں
I’m drinking mint tea,میں پودینہ کی چائے پی رہا ہوں
I’m going to drink papaya smoothie,میں پپیتے کا اسموتھی پینے جا رہا ہوں
Do you want some bread?,کیا آپ کو روٹی چاہیے؟
It’s not enough,یہ کافی نہیں ہے
Do you want lemon tea?,کیا آپ کو لیموں کی چائے چاہیے؟
This is my favorite movie,یہ میری پسندیدہ فلم ہے
I’m going for a walk,میں سیر کے لئے جا رہا ہوں
Do you want black coffee?,کیا آپ کو کالی کافی چاہیے؟
I need to finish this work,مجھے یہ کام مکمل کرنا ہے
I need to drink water,مجھے پانی پینا ہے
I’m making some mango juice,میں آم کا جوس بنا رہا ہوں
I’m sorry for being late,دیر ہونے پر مجھے افسوس ہے
I need to buy some mangoes,مجھے کچھ آم خریدنے ہیں
I’m drinking avocado smoothie,میں ایووکاڈو کا اسموتھی پی رہا ہوں
I’m going to drink green tea with lemon,میں لیموں والی سبز چائے پینے جا رہا ہوں
I’m so happy for you,مجھے تمہارے لئے بہت خوشی ہو رہی ہے
This is very interesting,یہ بہت دلچسپ ہے
What’s your opinion?,آپ کی رائے کیا ہے؟
I like to meditate,مجھے مراقبہ کرنا پسند ہے
Please help me,براہ کرم میری مدد کریں
We are having lunch,ہم دوپہر کا کھانا کھا رہے ہیں
I’m drinking watermelon juice,میں تربوز کا رس پی رہا ہوں
I’m drinking some sparkling water,میں اسپارکلنگ پانی پی رہا ہوں
I’m going to drink rice milk,میں چاول کا دودھ پینے جا رہا ہوں
I’m looking forward to meeting you,میں آپ سے ملنے کا منتظر ہوں
I’m eating some cake,میں کچھ کیک کھا رہا ہوں
I’m going to bed early tonight,میں آج رات جلدی سونے جا رہا ہوں
It’s too cheap,یہ بہت سستا ہے
I’m going to drink chai latte,میں چائے لٹے پینے جا رہا ہوں
Do you want some fresh fruit juice?,کیا آپ تازہ پھلوں کا جوس پینا چاہتے ہیں؟
Do you want fresh juice?,کیا آپ کو تازہ رس چاہیے؟
I will be right back,میں ابھی واپس آتا ہوں
I need to go now,مجھے اب جانا ہے
It’s very noisy here,یہاں بہت شور ہے
Where did you go on vacation?,آپ تعطیلات پر کہاں گئے تھے؟
I feel happy,میں خوش محسوس کر رہا ہوں
Can I give you a ride?,کیا میں آپ کو سواری دے سکتا ہوں؟
Do you know how to cook?,کیا آپ جانتے ہیں کہ کھانا کیسے پکانا ہے؟
I need to buy some groceries,مجھے کچھ سامان خریدنا ہے
I go to bed at 11 PM,میں رات گیارہ بجے سوتا ہوں
I’m cooking some spaghetti,میں اسپگیٹی پکا رہا ہوں
I’m drinking cold chocolate,میں ٹھنڈی چاکلیٹ پی رہا ہوں
I like to drink spinach juice,مجھے اسپینچ کا رس پینا پسند ہے
I’m going to make some white tea,میں سفید چائے بنانے جا رہا ہوں
I like to eat chicken,مجھے چکن کھانا پسند ہے
I need to withdraw some money,مجھے کچھ پیسے نکالنے ہیں
I lost my phone,میرا فون کھو گیا ہے
Do you like to play sports?,کیا آپ کو کھیلنا پسند ہے؟
I like going for a walk,مجھے سیر کے لئے جانا پسند ہے
I’m going to the salon,میں سیلون جا رہا ہوں
Can you help me with this?,کیا آپ میری مدد کر سکتے ہیں؟
I’m going to eat some bread,میں کچھ روٹی کھانے جا رہا ہوں
Do you want fruit soda?,کیا آپ کو پھلوں کا سوڈا چاہیے؟
I’m going to drink coconut water,میں ناریل کا پانی پینے جا رہا ہوں
I’m really hungry,میں واقعی بھوکا ہوں
Let’s go for a walk,چلیں ہم سیر کے لیے چلیں
I’m going to drink honey latte,میں شہد والا لٹے پینے جا رہا ہوں
This is very delicious,یہ بہت مزیدار ہے
I don’t have any plans,میرے پاس کوئی منصوبے نہیں ہیں
It’s almost time,یہ قریب قریب وقت ہے
I have a lot of homework,میرے پاس بہت سا ہوم ورک ہے
Do you like noodles?,کیا آپ کو نوڈلز پسند ہیں؟
I’m eating some beef,میں کچھ گوشت کھا رہا ہوں
Can you speak slowly?,کیا آپ آہستہ بول سکتے ہیں؟
I need to buy some clothes,مجھے کچھ کپڑے خریدنے ہیں
I’m drinking a smoothie,میں اسموتھی پی رہا ہوں
I’m eating some fruit,میں کچھ پھل کھا رہا ہوں
Do you want to join us?,کیا آپ ہمارے ساتھ شامل ہونا چاہتے ہیں؟
I’m drinking mango juice,میں آم کا رس پی رہا ہوں
Do you want ginger water?,کیا آپ کو ادرک کا پانی چاہیے؟
I’m going to make some pasta,میں پاستا بنانے جا رہا ہوں
I’m drinking spinach smoothie,میں اسپینچ کا اسموتھی پی رہا ہوں
I’m going to drink vanilla latte,میں وینیلا لٹے پینے جا رہا ہوں
I like to drink guava juice,مجھے آم جوس پینا پسند ہے
I like to drink milkshakes,مجھے ملکہ شیک پینا پسند ہے
I like chocolate ice cream,مجھے چاکلیٹ آئس کریم پسند ہے
This is a difficult question,یہ ایک مشکل سوال ہے
I’m going to eat some beef,میں کچھ گوشت کھانے جا رہا ہوں
I’m going to drink mixed fruit smoothie,میں مکس پھلوں کا اسموتھی پینے جا رہا ہوں
I’m going to have dinner,میں رات کا کھانا کھانے جا رہا ہوں
I’m going to drink spinach smoothie,میں اسپینچ کا اسموتھی پینے جا رہا ہوں
I’m going to eat some kiwi,میں کچھ کیوی کھانے جا رہا ہوں
You’re welcome,آپ کا خیرمقدم ہے
I’m going to drink cold brew coffee,میں کولڈ برو کافی پینے جا رہا ہوں
I’m going to drink iced mocha,میں آئسڈ موکا پینے جا رہا ہوں
I can’t find my keys,میں اپنی چابیاں نہیں ڈھونڈ پا رہا ہوں
I’m drinking papaya juice,میں پپیتے کا رس پی رہا ہوں
Do you want lemonade?,کیا آپ کو لیموں کا مشروب چاہیے؟
I need some ice,مجھے برف چاہیے
Do you need help?,کیا آپ کو مدد چاہیے؟
He is a doctor,وہ ڈاکٹر ہے
I need to book a flight,مجھے ایک پرواز بک کرنی ہے
I need to buy some beef,مجھے کچھ گوشت خریدنا ہے
I’m adding sugar to my tea,میں اپنی چائے میں چینی ڈال رہا ہوں
Do you want mango smoothie?,کیا آپ کو آم کا اسموتھی چاہیے؟
I’m drinking iced coffee,میں ٹھنڈی کافی پی رہا ہوں
Can I get the Wi-Fi password?,کیا مجھے وائی فائی کا پاس ورڈ مل سکتا ہے؟
